Workbook

Sheet FinalTab
D1: 1 | E1: =1+D1 -> 2 | F1: =1+E1 -> 3 | G1: =1+F1 -> 4 | H1: =1+G1 -> 5 | I1: =1+H1 -> 6 | J1: =1+I1 -> 7 | K1: =1+J1 -> 8 | L1: =1+K1 -> 9 | ... P1: =1+O1 -> 13
A2: 1 | B2: UTC+0 | C2: =IFERROR(_xlfn.TEXTAFTER(B2," / "),B2) -> UTC+0 | D2: =_xlfn.XLOOKUP($C2&"-"&D$1,NorthSouth!$F:$F,NorthSouth!$N:$N,"",0) -> London-N | E2: =_xlfn.XLOOKUP($C2&"-"&E$1,NorthSouth!$F:$F,NorthSouth!$N:$N,"",0) -> Casablanca-N | F2: =_xlfn.XLOOKUP($C2&"-"&F$1,NorthSouth!$F:$F,NorthSouth!$N:$N,"",0) -> Abidjan-N | G2: =_xlfn.XLOOKUP($C2&"-"&G$1,NorthSouth!$F:$F,NorthSouth!$N:$N,"",0) -> Accra-S | H2: =_xlfn.XLOOKUP($C2&"-"&H$1,NorthSouth!$F:$F,NorthSouth!$N:$N,"",0) -> Dakar-S | I2: =_xlfn.XLOOKUP($C2&"-"&I$1,NorthSouth!$F:$F,NorthSouth!$N:$N,"",0) -> Dublin-N | J2: =_xlfn.XLOOKUP($C2&"-"&J$1,NorthSouth!$F:$F,NorthSouth!$N:$N,"",0) -> Lisbon-N | K2: =_xlfn.XLOOKUP($C2&"-"&K$1,NorthSouth!$F:$F,NorthSouth!$N:$N,"",0) | ... P2: =_xlfn.XLOOKUP($C2&"-"&P$1,NorthSouth!$F:$F,NorthSouth!$N:$N,"",0)
A3: =1+A2 -> 2 | B3: UTC+1 | C3: =IFERROR(_xlfn.TEXTAFTER(B3," / "),B3) -> UTC+1 | D3: =_xlfn.XLOOKUP($C3&"-"&D$1,NorthSouth!$F:$F,NorthSouth!$N:$N,"",0) -> Lagos-S | E3: =_xlfn.XLOOKUP($C3&"-"&E$1,NorthSouth!$F:$F,NorthSouth!$N:$N,"",0) -> Kinshasa-S | F3: =_xlfn.XLOOKUP($C3&"-"&F$1,NorthSouth!$F:$F,NorthSouth!$N:$N,"",0) -> Madrid-N | G3: =_xlfn.XLOOKUP($C3&"-"&G$1,NorthSouth!$F:$F,NorthSouth!$N:$N,"",0) -> Berlin-N | H3: =_xlfn.XLOOKUP($C3&"-"&H$1,NorthSouth!$F:$F,NorthSouth!$N:$N,"",0) -> Algiers-N | I3: =_xlfn.XLOOKUP($C3&"-"&I$1,NorthSouth!$F:$F,NorthSouth!$N:$N,"",0) -> Paris-N | J3: =_xlfn.XLOOKUP($C3&"-"&J$1,NorthSouth!$F:$F,NorthSouth!$N:$N,"",0) -> Rome-N | K3: =_xlfn.XLOOKUP($C3&"-"&K$1,NorthSouth!$F:$F,NorthSouth!$N:$N,"",0) | ... P3: =_xlfn.XLOOKUP($C3&"-"&P$1,NorthSouth!$F:$F,NorthSouth!$N:$N,"",0)
A4: =1+A3 -> 3 | B4: UTC+2 | C4: =IFERROR(_xlfn.TEXTAFTER(B4," / "),B4) -> UTC+2 | D4: =_xlfn.XLOOKUP($C4&"-"&D$1,NorthSouth!$F:$F,NorthSouth!$N:$N,"",0) -> Cairo-N | E4: =_xlfn.XLOOKUP($C4&"-"&E$1,NorthSouth!$F:$F,NorthSouth!$N:$N,"",0) -> Johannesburg-S | F4: =_xlfn.XLOOKUP($C4&"-"&F$1,NorthSouth!$F:$F,NorthSouth!$N:$N,"",0) -> Kyiv-N | G4: =_xlfn.XLOOKUP($C4&"-"&G$1,NorthSouth!$F:$F,NorthSouth!$N:$N,"",0) -> Khartoum-N | H4: =_xlfn.XLOOKUP($C4&"-"&H$1,NorthSouth!$F:$F,NorthSouth!$N:$N,"",0) -> Bucharest-N | I4: =_xlfn.XLOOKUP($C4&"-"&I$1,NorthSouth!$F:$F,NorthSouth!$N:$N,"",0) -> Lusaka-S | J4: =_xlfn.XLOOKUP($C4&"-"&J$1,NorthSouth!$F:$F,NorthSouth!$N:$N,"",0) -> Athens-N | K4: =_xlfn.XLOOKUP($C4&"-"&K$1,NorthSouth!$F:$F,NorthSouth!$N:$N,"",0) | ... P4: =_xlfn.XLOOKUP($C4&"-"&P$1,NorthSouth!$F:$F,NorthSouth!$N:$N,"",0)
A5: =1+A4 -> 4 | B5: UTC+3 | C5: =IFERROR(_xlfn.TEXTAFTER(B5," / "),B5) -> UTC+3 | D5: =_xlfn.XLOOKUP($C5&"-"&D$1,NorthSouth!$F:$F,NorthSouth!$N:$N,"",0) -> Istanbul-N | E5: =_xlfn.XLOOKUP($C5&"-"&E$1,NorthSouth!$F:$F,NorthSouth!$N:$N,"",0) -> Moscow-N | F5: =_xlfn.XLOOKUP($C5&"-"&F$1,NorthSouth!$F:$F,NorthSouth!$N:$N,"",0) -> Baghdad-N | G5: =_xlfn.XLOOKUP($C5&"-"&G$1,NorthSouth!$F:$F,NorthSouth!$N:$N,"",0) -> Riyadh-N | H5: =_xlfn.XLOOKUP($C5&"-"&H$1,NorthSouth!$F:$F,NorthSouth!$N:$N,"",0) -> Dar es Salaam-S | I5: =_xlfn.XLOOKUP($C5&"-"&I$1,NorthSouth!$F:$F,NorthSouth!$N:$N,"",0) -> Nairobi-S | J5: =_xlfn.XLOOKUP($C5&"-"&J$1,NorthSouth!$F:$F,NorthSouth!$N:$N,"",0) -> Addis Ababa-N | K5: =_xlfn.XLOOKUP($C5&"-"&K$1,NorthSouth!$F:$F,NorthSouth!$N:$N,"",0) | ... P5: =_xlfn.XLOOKUP($C5&"-"&P$1,NorthSouth!$F:$F,NorthSouth!$N:$N,"",0)
A6: =1+A5 -> 5 | B6: UTC+4 | C6: =IFERROR(_xlfn.TEXTAFTER(B6," / "),B6) -> UTC+4 | D6: =_xlfn.XLOOKUP($C6&"-"&D$1,NorthSouth!$F:$F,NorthSouth!$N:$N,"",0) -> Dubai-S | E6: =_xlfn.XLOOKUP($C6&"-"&E$1,NorthSouth!$F:$F,NorthSouth!$N:$N,"",0) -> Baku-N | F6: =_xlfn.XLOOKUP($C6&"-"&F$1,NorthSouth!$F:$F,NorthSouth!$N:$N,"",0) -> Muscat-N | G6: =_xlfn.XLOOKUP($C6&"-"&G$1,NorthSouth!$F:$F,NorthSouth!$N:$N,"",0) -> Tbilisi-N | H6: =_xlfn.XLOOKUP($C6&"-"&H$1,NorthSouth!$F:$F,NorthSouth!$N:$N,"",0) -> Yerevan-N | I6: =_xlfn.XLOOKUP($C6&"-"&I$1,NorthSouth!$F:$F,NorthSouth!$N:$N,"",0) -> Samara-N | J6: =_xlfn.XLOOKUP($C6&"-"&J$1,NorthSouth!$F:$F,NorthSouth!$N:$N,"",0) -> #N/A | K6: =_xlfn.XLOOKUP($C6&"-"&K$1,NorthSouth!$F:$F,NorthSouth!$N:$N,"",0) -> Karachi-N | ... P6: =_xlfn.XLOOKUP($C6&"-"&P$1,NorthSouth!$F:$F,NorthSouth!$N:$N,"",0)
A7: =1+A6 -> 6 | B7: UTC+5 | C7: =IFERROR(_xlfn.TEXTAFTER(B7," / "),B7) -> UTC+5 | D7: =_xlfn.XLOOKUP($C7&"-"&D$1,NorthSouth!$F:$F,NorthSouth!$N:$N,"",0) | E7: =_xlfn.XLOOKUP($C7&"-"&E$1,NorthSouth!$F:$F,NorthSouth!$N:$N,"",0) | F7: =_xlfn.XLOOKUP($C7&"-"&F$1,NorthSouth!$F:$F,NorthSouth!$N:$N,"",0) | G7: =_xlfn.XLOOKUP($C7&"-"&G$1,NorthSouth!$F:$F,NorthSouth!$N:$N,"",0) | H7: =_xlfn.XLOOKUP($C7&"-"&H$1,NorthSouth!$F:$F,NorthSouth!$N:$N,"",0) | I7: =_xlfn.XLOOKUP($C7&"-"&I$1,NorthSouth!$F:$F,NorthSouth!$N:$N,"",0) | J7: =_xlfn.XLOOKUP($C7&"-"&J$1,NorthSouth!$F:$F,NorthSouth!$N:$N,"",0) | K7: =_xlfn.XLOOKUP($C7&"-"&K$1,NorthSouth!$F:$F,NorthSouth!$N:$N,"",0) | ... P7: =_xlfn.XLOOKUP($C7&"-"&P$1,NorthSouth!$F:$F,NorthSouth!$N:$N,"",0)
A8: =1+A7 -> 7 | B8: UTC+6 | C8: =IFERROR(_xlfn.TEXTAFTER(B8," / "),B8) -> UTC+6 | D8: =_xlfn.XLOOKUP($C8&"-"&D$1,NorthSouth!$F:$F,NorthSouth!$N:$N,"",0) -> Dhaka-N | E8: =_xlfn.XLOOKUP($C8&"-"&E$1,NorthSouth!$F:$F,NorthSouth!$N:$N,"",0) -> Chittagong-N | F8: =_xlfn.XLOOKUP($C8&"-"&F$1,NorthSouth!$F:$F,NorthSouth!$N:$N,"",0) -> Almaty-N | G8: =_xlfn.XLOOKUP($C8&"-"&G$1,NorthSouth!$F:$F,NorthSouth!$N:$N,"",0) -> Astana-N | H8: =_xlfn.XLOOKUP($C8&"-"&H$1,NorthSouth!$F:$F,NorthSouth!$N:$N,"",0) -> Bishkek-N | I8: =_xlfn.XLOOKUP($C8&"-"&I$1,NorthSouth!$F:$F,NorthSouth!$N:$N,"",0) | J8: =_xlfn.XLOOKUP($C8&"-"&J$1,NorthSouth!$F:$F,NorthSouth!$N:$N,"",0) | K8: =_xlfn.XLOOKUP($C8&"-"&K$1,NorthSouth!$F:$F,NorthSouth!$N:$N,"",0) | ... P8: =_xlfn.XLOOKUP($C8&"-"&P$1,NorthSouth!$F:$F,NorthSouth!$N:$N,"",0)
A9: =1+A8 -> 8 | B9: UTC+7 | C9: =IFERROR(_xlfn.TEXTAFTER(B9," / "),B9) -> UTC+7 | D9: =_xlfn.XLOOKUP($C9&"-"&D$1,NorthSouth!$F:$F,NorthSouth!$N:$N,"",0) -> Jakarta-S | E9: =_xlfn.XLOOKUP($C9&"-"&E$1,NorthSouth!$F:$F,NorthSouth!$N:$N,"",0) -> Ho Chi Minh-N | F9: =_xlfn.XLOOKUP($C9&"-"&F$1,NorthSouth!$F:$F,NorthSouth!$N:$N,"",0) -> Bangkok-N | G9: =_xlfn.XLOOKUP($C9&"-"&G$1,NorthSouth!$F:$F,NorthSouth!$N:$N,"",0) -> Hanoi-N | H9: =_xlfn.XLOOKUP($C9&"-"&H$1,NorthSouth!$F:$F,NorthSouth!$N:$N,"",0) -> Phnom Penh-N | I9: =_xlfn.XLOOKUP($C9&"-"&I$1,NorthSouth!$F:$F,NorthSouth!$N:$N,"",0) -> Krasnoyarsk-N | J9: =_xlfn.XLOOKUP($C9&"-"&J$1,NorthSouth!$F:$F,NorthSouth!$N:$N,"",0) | K9: =_xlfn.XLOOKUP($C9&"-"&K$1,NorthSouth!$F:$F,NorthSouth!$N:$N,"",0) | ... P9: =_xlfn.XLOOKUP($C9&"-"&P$1,NorthSouth!$F:$F,NorthSouth!$N:$N,"",0)
A10: =1+A9 -> 9 | B10: UTC+8 | C10: =IFERROR(_xlfn.TEXTAFTER(B10," / "),B10) -> UTC+8 | D10: =_xlfn.XLOOKUP($C10&"-"&D$1,NorthSouth!$F:$F,NorthSouth!$N:$N,"",0) -> Shanghai-N | E10: =_xlfn.XLOOKUP($C10&"-"&E$1,NorthSouth!$F:$F,NorthSouth!$N:$N,"",0) -> Beijing-N | F10: =_xlfn.XLOOKUP($C10&"-"&F$1,NorthSouth!$F:$F,NorthSouth!$N:$N,"",0) -> Guangzhou-N | G10: =_xlfn.XLOOKUP($C10&"-"&G$1,NorthSouth!$F:$F,NorthSouth!$N:$N,"",0) -> Manila-N | H10: =_xlfn.XLOOKUP($C10&"-"&H$1,NorthSouth!$F:$F,NorthSouth!$N:$N,"",0) -> Bali-S | I10: =_xlfn.XLOOKUP($C10&"-"&I$1,NorthSouth!$F:$F,NorthSouth!$N:$N,"",0) -> Taipei-N | J10: =_xlfn.XLOOKUP($C10&"-"&J$1,NorthSouth!$F:$F,NorthSouth!$N:$N,"",0) -> #N/A | K10: =_xlfn.XLOOKUP($C10&"-"&K$1,NorthSouth!$F:$F,NorthSouth!$N:$N,"",0) -> Perth-S | ... P10: =_xlfn.XLOOKUP($C10&"-"&P$1,NorthSouth!$F:$F,NorthSouth!$N:$N,"",0)
A11: =1+A10 -> 10 | B11: UTC+9 | C11: =IFERROR(_xlfn.TEXTAFTER(B11," / "),B11) -> UTC+9 | D11: =_xlfn.XLOOKUP($C11&"-"&D$1,NorthSouth!$F:$F,NorthSouth!$N:$N,"",0) -> Tokyo-N | E11: =_xlfn.XLOOKUP($C11&"-"&E$1,NorthSouth!$F:$F,NorthSouth!$N:$N,"",0) -> Seoul-N | F11: =_xlfn.XLOOKUP($C11&"-"&F$1,NorthSouth!$F:$F,NorthSouth!$N:$N,"",0) -> Busan-N | G11: =_xlfn.XLOOKUP($C11&"-"&G$1,NorthSouth!$F:$F,NorthSouth!$N:$N,"",0) -> Pyongyang-N | H11: =_xlfn.XLOOKUP($C11&"-"&H$1,NorthSouth!$F:$F,NorthSouth!$N:$N,"",0) -> Osaka-N | I11: =_xlfn.XLOOKUP($C11&"-"&I$1,NorthSouth!$F:$F,NorthSouth!$N:$N,"",0) | J11: =_xlfn.XLOOKUP($C11&"-"&J$1,NorthSouth!$F:$F,NorthSouth!$N:$N,"",0) | K11: =_xlfn.XLOOKUP($C11&"-"&K$1,NorthSouth!$F:$F,NorthSouth!$N:$N,"",0) | ... P11: =_xlfn.XLOOKUP($C11&"-"&P$1,NorthSouth!$F:$F,NorthSouth!$N:$N,"",0)
A12: =1+A11 -> 11 | B12: UTC+10 | C12: =IFERROR(_xlfn.TEXTAFTER(B12," / "),B12) -> UTC+10 | D12: =_xlfn.XLOOKUP($C12&"-"&D$1,NorthSouth!$F:$F,NorthSouth!$N:$N,"",0) -> Sydney-S | E12: =_xlfn.XLOOKUP($C12&"-"&E$1,NorthSouth!$F:$F,NorthSouth!$N:$N,"",0) -> Melbourne-S | F12: =_xlfn.XLOOKUP($C12&"-"&F$1,NorthSouth!$F:$F,NorthSouth!$N:$N,"",0) -> Brisbane-S | G12: =_xlfn.XLOOKUP($C12&"-"&G$1,NorthSouth!$F:$F,NorthSouth!$N:$N,"",0) -> Vladivostok-N | H12: =_xlfn.XLOOKUP($C12&"-"&H$1,NorthSouth!$F:$F,NorthSouth!$N:$N,"",0) -> Port Moresby-S | I12: =_xlfn.XLOOKUP($C12&"-"&I$1,NorthSouth!$F:$F,NorthSouth!$N:$N,"",0) | J12: =_xlfn.XLOOKUP($C12&"-"&J$1,NorthSouth!$F:$F,NorthSouth!$N:$N,"",0) | K12: =_xlfn.XLOOKUP($C12&"-"&K$1,NorthSouth!$F:$F,NorthSouth!$N:$N,"",0) | ... P12: =_xlfn.XLOOKUP($C12&"-"&P$1,NorthSouth!$F:$F,NorthSouth!$N:$N,"",0)
A13: =1+A12 -> 12 | B13: UTC+11 | C13: =IFERROR(_xlfn.TEXTAFTER(B13," / "),B13) -> UTC+11 | D13: =_xlfn.XLOOKUP($C13&"-"&D$1,NorthSouth!$F:$F,NorthSouth!$N:$N,"",0) -> Nouméa-S | E13: =_xlfn.XLOOKUP($C13&"-"&E$1,NorthSouth!$F:$F,NorthSouth!$N:$N,"",0) -> Honiara-S | F13: =_xlfn.XLOOKUP($C13&"-"&F$1,NorthSouth!$F:$F,NorthSouth!$N:$N,"",0) -> Magadan-N | G13: =_xlfn.XLOOKUP($C13&"-"&G$1,NorthSouth!$F:$F,NorthSouth!$N:$N,"",0) | H13: =_xlfn.XLOOKUP($C13&"-"&H$1,NorthSouth!$F:$F,NorthSouth!$N:$N,"",0) | I13: =_xlfn.XLOOKUP($C13&"-"&I$1,NorthSouth!$F:$F,NorthSouth!$N:$N,"",0) | J13: =_xlfn.XLOOKUP($C13&"-"&J$1,NorthSouth!$F:$F,NorthSouth!$N:$N,"",0) | K13: =_xlfn.XLOOKUP($C13&"-"&K$1,NorthSouth!$F:$F,NorthSouth!$N:$N,"",0) | ... P13: =_xlfn.XLOOKUP($C13&"-"&P$1,NorthSouth!$F:$F,NorthSouth!$N:$N,"",0)
A14: =1+A13 -> 13 | B14: 12:00 / UTC+12 | C14: =IFERROR(_xlfn.TEXTAFTER(B14," / "),B14) -> UTC+12 | D14: =_xlfn.XLOOKUP($C14&"-"&D$1,NorthSouth!$F:$F,NorthSouth!$N:$N,"",0) -> Auckland-S | E14: =_xlfn.XLOOKUP($C14&"-"&E$1,NorthSouth!$F:$F,NorthSouth!$N:$N,"",0) -> Wellington-S | F14: =_xlfn.XLOOKUP($C14&"-"&F$1,NorthSouth!$F:$F,NorthSouth!$N:$N,"",0) -> Suva-S | G14: =_xlfn.XLOOKUP($C14&"-"&G$1,NorthSouth!$F:$F,NorthSouth!$N:$N,"",0) | H14: =_xlfn.XLOOKUP($C14&"-"&H$1,NorthSouth!$F:$F,NorthSouth!$N:$N,"",0) | I14: =_xlfn.XLOOKUP($C14&"-"&I$1,NorthSouth!$F:$F,NorthSouth!$N:$N,"",0) | J14: =_xlfn.XLOOKUP($C14&"-"&J$1,NorthSouth!$F:$F,NorthSouth!$N:$N,"",0) | K14: =_xlfn.XLOOKUP($C14&"-"&K$1,NorthSouth!$F:$F,NorthSouth!$N:$N,"",0) | ... P14: =_xlfn.XLOOKUP($C14&"-"&P$1,NorthSouth!$F:$F,NorthSouth!$N:$N,"",0)
... A25: =1+A24 -> 24 | B25: 23:00 / UTC-1 | C25: =IFERROR(_xlfn.TEXTAFTER(B25," / "),B25) -> UTC-1 | D25: =_xlfn.XLOOKUP($C25&"-"&D$1,NorthSouth!$F:$F,NorthSouth!$N:$N,"",0) -> Praia-N | E25: =_xlfn.XLOOKUP($C25&"-"&E$1,NorthSouth!$F:$F,NorthSouth!$N:$N,"",0) -> Ponta Delgada-N | F25: =_xlfn.XLOOKUP($C25&"-"&F$1,NorthSouth!$F:$F,NorthSouth!$N:$N,"",0) | G25: =_xlfn.XLOOKUP($C25&"-"&G$1,NorthSouth!$F:$F,NorthSouth!$N:$N,"",0) | H25: =_xlfn.XLOOKUP($C25&"-"&H$1,NorthSouth!$F:$F,NorthSouth!$N:$N,"",0) | I25: =_xlfn.XLOOKUP($C25&"-"&I$1,NorthSouth!$F:$F,NorthSouth!$N:$N,"",0) | J25: =_xlfn.XLOOKUP($C25&"-"&J$1,NorthSouth!$F:$F,NorthSouth!$N:$N,"",0) | K25: =_xlfn.XLOOKUP($C25&"-"&K$1,NorthSouth!$F:$F,NorthSouth!$N:$N,"",0) | ... P25: =_xlfn.XLOOKUP($C25&"-"&P$1,NorthSouth!$F:$F,NorthSouth!$N:$N,"",0)

Sheet NorthSouth
A1: City/Tim | B1: Order | C1: TimeZone | D1: UTC | E1: UTCshort | F1: UTCorder | G1: Original | H1: CityCountry | I1: Population | J1: N/S | K1: CityShort | L1: Location Override | M1: Location-Original | N1: FinalCityLocation | O1: CityLen
A2: =NOT(ISNUMBER(SEARCH("time",G2))) -> FALSE | B2: =IF(A2=FALSE,0,IF(AND(A2,NOT(A1)),1,1+B1)) -> 0 | C2: =IF(ISNUMBER(SEARCH("time",G2)),G2,C1) -> 12:00 AM (UTC+0) — Greenwich Mean Time (GMT) | D2: =_xlfn.TEXTAFTER(_xlfn.TEXTBEFORE(C2,")"),"(") -> UTC+0 | E2: =IFERROR(_xlfn.TEXTAFTER(D2," / "),D2) -> UTC+0 | F2: =E2&"-"&B2 -> UTC+0-0 | G2: 12:00 AM (UTC+0) — Greenwich Mean Time (GMT) | H2: =_xlfn.TEXTBEFORE($G2,"—") -> 12:00 AM (UTC+0) | I2: =_xlfn.TEXTAFTER($G2,"~") -> #N/A | L2: Location Override
A3: =NOT(ISNUMBER(SEARCH("time",G3))) -> TRUE | B3: =IF(A3=FALSE,0,IF(AND(A3,NOT(A2)),1,1+B2)) -> 1 | C3: =IF(ISNUMBER(SEARCH("time",G3)),G3,C2) -> 12:00 AM (UTC+0) — Greenwich Mean Time (GMT) | D3: =_xlfn.TEXTAFTER(_xlfn.TEXTBEFORE(C3,")"),"(") -> UTC+0 | E3: =IFERROR(_xlfn.TEXTAFTER(D3," / "),D3) -> UTC+0 | F3: =E3&"-"&B3 -> UTC+0-1 | G3: London, United Kingdom [N] — ~9.2 million | H3: =_xlfn.TEXTBEFORE($G3,"—") -> London, United Kingdom [N] | I3: =_xlfn.TEXTAFTER($G3,"~") -> 9.2 million | J3: =_xlfn.TEXTBEFORE(_xlfn.TEXTAFTER(G3,"["),"]") -> N | K3: =_xlfn.TEXTBEFORE(G3,",") -> London | M3: =IF(L3<>"",L3,J3) -> N | N3: =K3&"-"&M3 -> London-N | O3: =LEN(N3) -> 8
A4: =NOT(ISNUMBER(SEARCH("time",G4))) -> TRUE | B4: =IF(A4=FALSE,0,IF(AND(A4,NOT(A3)),1,1+B3)) -> 2 | C4: =IF(ISNUMBER(SEARCH("time",G4)),G4,C3) -> 12:00 AM (UTC+0) — Greenwich Mean Time (GMT) | D4: =_xlfn.TEXTAFTER(_xlfn.TEXTBEFORE(C4,")"),"(") -> UTC+0 | E4: =IFERROR(_xlfn.TEXTAFTER(D4," / "),D4) -> UTC+0 | F4: =E4&"-"&B4 -> UTC+0-2 | G4: Casablanca, Morocco [N] — ~3.8 million | H4: =_xlfn.TEXTBEFORE($G4,"—") -> Casablanca, Morocco [N] | I4: =_xlfn.TEXTAFTER($G4,"~") -> 3.8 million | J4: =_xlfn.TEXTBEFORE(_xlfn.TEXTAFTER(G4,"["),"]") -> N | K4: =_xlfn.TEXTBEFORE(G4,",") -> Casablanca | M4: =IF(L4<>"",L4,J4) -> N | N4: =K4&"-"&M4 -> Casablanca-N | O4: =LEN(N4) -> 12
A5: =NOT(ISNUMBER(SEARCH("time",G5))) -> TRUE | B5: =IF(A5=FALSE,0,IF(AND(A5,NOT(A4)),1,1+B4)) -> 3 | C5: =IF(ISNUMBER(SEARCH("time",G5)),G5,C4) -> 12:00 AM (UTC+0) — Greenwich Mean Time (GMT) | D5: =_xlfn.TEXTAFTER(_xlfn.TEXTBEFORE(C5,")"),"(") -> UTC+0 | E5: =IFERROR(_xlfn.TEXTAFTER(D5," / "),D5) -> UTC+0 | F5: =E5&"-"&B5 -> UTC+0-3 | G5: Abidjan, Ivory Coast [N] — ~3.7 million | H5: =_xlfn.TEXTBEFORE($G5,"—") -> Abidjan, Ivory Coast [N] | I5: =_xlfn.TEXTAFTER($G5,"~") -> 3.7 million | J5: =_xlfn.TEXTBEFORE(_xlfn.TEXTAFTER(G5,"["),"]") -> N | K5: =_xlfn.TEXTBEFORE(G5,",") -> Abidjan | M5: =IF(L5<>"",L5,J5) -> N | N5: =K5&"-"&M5 -> Abidjan-N | O5: =LEN(N5) -> 9
A6: =NOT(ISNUMBER(SEARCH("time",G6))) -> TRUE | B6: =IF(A6=FALSE,0,IF(AND(A6,NOT(A5)),1,1+B5)) -> 4 | C6: =IF(ISNUMBER(SEARCH("time",G6)),G6,C5) -> 12:00 AM (UTC+0) — Greenwich Mean Time (GMT) | D6: =_xlfn.TEXTAFTER(_xlfn.TEXTBEFORE(C6,")"),"(") -> UTC+0 | E6: =IFERROR(_xlfn.TEXTAFTER(D6," / "),D6) -> UTC+0 | F6: =E6&"-"&B6 -> UTC+0-4 | G6: Accra, Ghana [N] — ~2.6 million | H6: =_xlfn.TEXTBEFORE($G6,"—") -> Accra, Ghana [N] | I6: =_xlfn.TEXTAFTER($G6,"~") -> 2.6 million | J6: =_xlfn.TEXTBEFORE(_xlfn.TEXTAFTER(G6,"["),"]") -> N | K6: =_xlfn.TEXTBEFORE(G6,",") -> Accra | L6: S | M6: =IF(L6<>"",L6,J6) -> S | N6: =K6&"-"&M6 -> Accra-S | O6: =LEN(N6) -> 7
A7: =NOT(ISNUMBER(SEARCH("time",G7))) -> TRUE | B7: =IF(A7=FALSE,0,IF(AND(A7,NOT(A6)),1,1+B6)) -> 5 | C7: =IF(ISNUMBER(SEARCH("time",G7)),G7,C6) -> 12:00 AM (UTC+0) — Greenwich Mean Time (GMT) | D7: =_xlfn.TEXTAFTER(_xlfn.TEXTBEFORE(C7,")"),"(") -> UTC+0 | E7: =IFERROR(_xlfn.TEXTAFTER(D7," / "),D7) -> UTC+0 | F7: =E7&"-"&B7 -> UTC+0-5 | G7: Dakar, Senegal [N] — ~1.5 million | H7: =_xlfn.TEXTBEFORE($G7,"—") -> Dakar, Senegal [N] | I7: =_xlfn.TEXTAFTER($G7,"~") -> 1.5 million | J7: =_xlfn.TEXTBEFORE(_xlfn.TEXTAFTER(G7,"["),"]") -> N | K7: =_xlfn.TEXTBEFORE(G7,",") -> Dakar | L7: S | M7: =IF(L7<>"",L7,J7) -> S | N7: =K7&"-"&M7 -> Dakar-S | O7: =LEN(N7) -> 7
A8: =NOT(ISNUMBER(SEARCH("time",G8))) -> TRUE | B8: =IF(A8=FALSE,0,IF(AND(A8,NOT(A7)),1,1+B7)) -> 6 | C8: =IF(ISNUMBER(SEARCH("time",G8)),G8,C7) -> 12:00 AM (UTC+0) — Greenwich Mean Time (GMT) | D8: =_xlfn.TEXTAFTER(_xlfn.TEXTBEFORE(C8,")"),"(") -> UTC+0 | E8: =IFERROR(_xlfn.TEXTAFTER(D8," / "),D8) -> UTC+0 | F8: =E8&"-"&B8 -> UTC+0-6 | G8: Dublin, Ireland [N] — ~590,000 | H8: =_xlfn.TEXTBEFORE($G8,"—") -> Dublin, Ireland [N] | I8: =_xlfn.TEXTAFTER($G8,"~") -> 590,000 | J8: =_xlfn.TEXTBEFORE(_xlfn.TEXTAFTER(G8,"["),"]") -> N | K8: =_xlfn.TEXTBEFORE(G8,",") -> Dublin | M8: =IF(L8<>"",L8,J8) -> N | N8: =K8&"-"&M8 -> Dublin-N | O8: =LEN(N8) -> 8
A9: =NOT(ISNUMBER(SEARCH("time",G9))) -> TRUE | B9: =IF(A9=FALSE,0,IF(AND(A9,NOT(A8)),1,1+B8)) -> 7 | C9: =IF(ISNUMBER(SEARCH("time",G9)),G9,C8) -> 12:00 AM (UTC+0) — Greenwich Mean Time (GMT) | D9: =_xlfn.TEXTAFTER(_xlfn.TEXTBEFORE(C9,")"),"(") -> UTC+0 | E9: =IFERROR(_xlfn.TEXTAFTER(D9," / "),D9) -> UTC+0 | F9: =E9&"-"&B9 -> UTC+0-7 | G9: Lisbon, Portugal [N] — ~550,000 | H9: =_xlfn.TEXTBEFORE($G9,"—") -> Lisbon, Portugal [N] | I9: =_xlfn.TEXTAFTER($G9,"~") -> 550,000 | J9: =_xlfn.TEXTBEFORE(_xlfn.TEXTAFTER(G9,"["),"]") -> N | K9: =_xlfn.TEXTBEFORE(G9,",") -> Lisbon | M9: =IF(L9<>"",L9,J9) -> N | N9: =K9&"-"&M9 -> Lisbon-N | O9: =LEN(N9) -> 8
A10: =NOT(ISNUMBER(SEARCH("time",G10))) -> FALSE | B10: =IF(A10=FALSE,0,IF(AND(A10,NOT(A9)),1,1+B9)) -> 0 | C10: =IF(ISNUMBER(SEARCH("time",G10)),G10,C9) -> 1:00 AM (UTC+1) — West Africa / Central European Time | D10: =_xlfn.TEXTAFTER(_xlfn.TEXTBEFORE(C10,")"),"(") -> UTC+1 | E10: =IFERROR(_xlfn.TEXTAFTER(D10," / "),D10) -> UTC+1 | F10: =E10&"-"&B10 -> UTC+1-0 | G10: 1:00 AM (UTC+1) — West Africa / Central European Time | H10: =_xlfn.TEXTBEFORE($G10,"—") -> 1:00 AM (UTC+1) | I10: =_xlfn.TEXTAFTER($G10,"~") -> #N/A | J10: =_xlfn.TEXTBEFORE(_xlfn.TEXTAFTER(G10,"["),"]") -> #N/A | K10: =_xlfn.TEXTBEFORE(G10,",") -> #N/A | M10: =IF(L10<>"",L10,J10) -> #N/A | N10: =K10&"-"&M10 -> #N/A | O10: =LEN(N10) -> #N/A
A11: =NOT(ISNUMBER(SEARCH("time",G11))) -> TRUE | B11: =IF(A11=FALSE,0,IF(AND(A11,NOT(A10)),1,1+B10)) -> 1 | C11: =IF(ISNUMBER(SEARCH("time",G11)),G11,C10) -> 1:00 AM (UTC+1) — West Africa / Central European Time | D11: =_xlfn.TEXTAFTER(_xlfn.TEXTBEFORE(C11,")"),"(") -> UTC+1 | E11: =IFERROR(_xlfn.TEXTAFTER(D11," / "),D11) -> UTC+1 | F11: =E11&"-"&B11 -> UTC+1-1 | G11: Lagos, Nigeria [N] — ~15.5 million | H11: =_xlfn.TEXTBEFORE($G11,"—") -> Lagos, Nigeria [N] | I11: =_xlfn.TEXTAFTER($G11,"~") -> 15.5 million | J11: =_xlfn.TEXTBEFORE(_xlfn.TEXTAFTER(G11,"["),"]") -> N | K11: =_xlfn.TEXTBEFORE(G11,",") -> Lagos | L11: S | M11: =IF(L11<>"",L11,J11) -> S | N11: =K11&"-"&M11 -> Lagos-S | O11: =LEN(N11) -> 7
A12: =NOT(ISNUMBER(SEARCH("time",G12))) -> TRUE | B12: =IF(A12=FALSE,0,IF(AND(A12,NOT(A11)),1,1+B11)) -> 2 | C12: =IF(ISNUMBER(SEARCH("time",G12)),G12,C11) -> 1:00 AM (UTC+1) — West Africa / Central European Time | D12: =_xlfn.TEXTAFTER(_xlfn.TEXTBEFORE(C12,")"),"(") -> UTC+1 | E12: =IFERROR(_xlfn.TEXTAFTER(D12," / "),D12) -> UTC+1 | F12: =E12&"-"&B12 -> UTC+1-2 | G12: Kinshasa, DR Congo [S] — ~14.5 million | H12: =_xlfn.TEXTBEFORE($G12,"—") -> Kinshasa, DR Congo [S] | I12: =_xlfn.TEXTAFTER($G12,"~") -> 14.5 million | J12: =_xlfn.TEXTBEFORE(_xlfn.TEXTAFTER(G12,"["),"]") -> S | K12: =_xlfn.TEXTBEFORE(G12,",") -> Kinshasa | M12: =IF(L12<>"",L12,J12) -> S | N12: =K12&"-"&M12 -> Kinshasa-S | O12: =LEN(N12) -> 10
A13: =NOT(ISNUMBER(SEARCH("time",G13))) -> TRUE | B13: =IF(A13=FALSE,0,IF(AND(A13,NOT(A12)),1,1+B12)) -> 3 | C13: =IF(ISNUMBER(SEARCH("time",G13)),G13,C12) -> 1:00 AM (UTC+1) — West Africa / Central European Time | D13: =_xlfn.TEXTAFTER(_xlfn.TEXTBEFORE(C13,")"),"(") -> UTC+1 | E13: =IFERROR(_xlfn.TEXTAFTER(D13," / "),D13) -> UTC+1 | F13: =E13&"-"&B13 -> UTC+1-3 | G13: Madrid, Spain [N] — ~3.3 million | H13: =_xlfn.TEXTBEFORE($G13,"—") -> Madrid, Spain [N] | I13: =_xlfn.TEXTAFTER($G13,"~") -> 3.3 million | J13: =_xlfn.TEXTBEFORE(_xlfn.TEXTAFTER(G13,"["),"]") -> N | K13: =_xlfn.TEXTBEFORE(G13,",") -> Madrid | M13: =IF(L13<>"",L13,J13) -> N | N13: =K13&"-"&M13 -> Madrid-N | O13: =LEN(N13) -> 8
A14: =NOT(ISNUMBER(SEARCH("time",G14))) -> TRUE | B14: =IF(A14=FALSE,0,IF(AND(A14,NOT(A13)),1,1+B13)) -> 4 | C14: =IF(ISNUMBER(SEARCH("time",G14)),G14,C13) -> 1:00 AM (UTC+1) — West Africa / Central European Time | D14: =_xlfn.TEXTAFTER(_xlfn.TEXTBEFORE(C14,")"),"(") -> UTC+1 | E14: =IFERROR(_xlfn.TEXTAFTER(D14," / "),D14) -> UTC+1 | F14: =E14&"-"&B14 -> UTC+1-4 | G14: Berlin, Germany [N] — ~3.6 million | H14: =_xlfn.TEXTBEFORE($G14,"—") -> Berlin, Germany [N] | I14: =_xlfn.TEXTAFTER($G14,"~") -> 3.6 million | J14: =_xlfn.TEXTBEFORE(_xlfn.TEXTAFTER(G14,"["),"]") -> N | K14: =_xlfn.TEXTBEFORE(G14,",") -> Berlin | M14: =IF(L14<>"",L14,J14) -> N | N14: =K14&"-"&M14 -> Berlin-N | O14: =LEN(N14) -> 8
A15: =NOT(ISNUMBER(SEARCH("time",G15))) -> TRUE | B15: =IF(A15=FALSE,0,IF(AND(A15,NOT(A14)),1,1+B14)) -> 5 | C15: =IF(ISNUMBER(SEARCH("time",G15)),G15,C14) -> 1:00 AM (UTC+1) — West Africa / Central European Time | D15: =_xlfn.TEXTAFTER(_xlfn.TEXTBEFORE(C15,")"),"(") -> UTC+1 | E15: =IFERROR(_xlfn.TEXTAFTER(D15," / "),D15) -> UTC+1 | F15: =E15&"-"&B15 -> UTC+1-5 | G15: Algiers, Algeria [N] — ~2.8 million | H15: =_xlfn.TEXTBEFORE($G15,"—") -> Algiers, Algeria [N] | I15: =_xlfn.TEXTAFTER($G15,"~") -> 2.8 million | J15: =_xlfn.TEXTBEFORE(_xlfn.TEXTAFTER(G15,"["),"]") -> N | K15: =_xlfn.TEXTBEFORE(G15,",") -> Algiers | M15: =IF(L15<>"",L15,J15) -> N | N15: =K15&"-"&M15 -> Algiers-N | O15: =LEN(N15) -> 9
A16: =NOT(ISNUMBER(SEARCH("time",G16))) -> TRUE | B16: =IF(A16=FALSE,0,IF(AND(A16,NOT(A15)),1,1+B15)) -> 6 | C16: =IF(ISNUMBER(SEARCH("time",G16)),G16,C15) -> 1:00 AM (UTC+1) — West Africa / Central European Time | D16: =_xlfn.TEXTAFTER(_xlfn.TEXTBEFORE(C16,")"),"(") -> UTC+1 | E16: =IFERROR(_xlfn.TEXTAFTER(D16," / "),D16) -> UTC+1 | F16: =E16&"-"&B16 -> UTC+1-6 | G16: Paris, France [N] — ~2.1 million | H16: =_xlfn.TEXTBEFORE($G16,"—") -> Paris, France [N] | I16: =_xlfn.TEXTAFTER($G16,"~") -> 2.1 million | J16: =_xlfn.TEXTBEFORE(_xlfn.TEXTAFTER(G16,"["),"]") -> N | K16: =_xlfn.TEXTBEFORE(G16,",") -> Paris | M16: =IF(L16<>"",L16,J16) -> N | N16: =K16&"-"&M16 -> Paris-N | O16: =LEN(N16) -> 7
A17: =NOT(ISNUMBER(SEARCH("time",G17))) -> TRUE | B17: =IF(A17=FALSE,0,IF(AND(A17,NOT(A16)),1,1+B16)) -> 7 | C17: =IF(ISNUMBER(SEARCH("time",G17)),G17,C16) -> 1:00 AM (UTC+1) — West Africa / Central European Time | D17: =_xlfn.TEXTAFTER(_xlfn.TEXTBEFORE(C17,")"),"(") -> UTC+1 | E17: =IFERROR(_xlfn.TEXTAFTER(D17," / "),D17) -> UTC+1 | F17: =E17&"-"&B17 -> UTC+1-7 | G17: Rome, Italy [N] — ~2.8 million | H17: =_xlfn.TEXTBEFORE($G17,"—") -> Rome, Italy [N] | I17: =_xlfn.TEXTAFTER($G17,"~") -> 2.8 million | J17: =_xlfn.TEXTBEFORE(_xlfn.TEXTAFTER(G17,"["),"]") -> N | K17: =_xlfn.TEXTBEFORE(G17,",") -> Rome | M17: =IF(L17<>"",L17,J17) -> N | N17: =K17&"-"&M17 -> Rome-N | O17: =LEN(N17) -> 6
A18: =NOT(ISNUMBER(SEARCH("time",G18))) -> FALSE | B18: =IF(A18=FALSE,0,IF(AND(A18,NOT(A17)),1,1+B17)) -> 0 | C18: =IF(ISNUMBER(SEARCH("time",G18)),G18,C17) -> 2:00 AM (UTC+2) — Central Africa / Eastern European Time | D18: =_xlfn.TEXTAFTER(_xlfn.TEXTBEFORE(C18,")"),"(") -> UTC+2 | E18: =IFERROR(_xlfn.TEXTAFTER(D18," / "),D18) -> UTC+2 | F18: =E18&"-"&B18 -> UTC+2-0 | G18: 2:00 AM (UTC+2) — Central Africa / Eastern European Time | H18: =_xlfn.TEXTBEFORE($G18,"—") -> 2:00 AM (UTC+2) | I18: =_xlfn.TEXTAFTER($G18,"~") -> #N/A | J18: =_xlfn.TEXTBEFORE(_xlfn.TEXTAFTER(G18,"["),"]") -> #N/A | K18: =_xlfn.TEXTBEFORE(G18,",") -> #N/A | M18: =IF(L18<>"",L18,J18) -> #N/A | N18: =K18&"-"&M18 -> #N/A | O18: =LEN(N18) -> #N/A
A19: =NOT(ISNUMBER(SEARCH("time",G19))) -> TRUE | B19: =IF(A19=FALSE,0,IF(AND(A19,NOT(A18)),1,1+B18)) -> 1 | C19: =IF(ISNUMBER(SEARCH("time",G19)),G19,C18) -> 2:00 AM (UTC+2) — Central Africa / Eastern European Time | D19: =_xlfn.TEXTAFTER(_xlfn.TEXTBEFORE(C19,")"),"(") -> UTC+2 | E19: =IFERROR(_xlfn.TEXTAFTER(D19," / "),D19) -> UTC+2 | F19: =E19&"-"&B19 -> UTC+2-1 | G19: Cairo, Egypt [N] — ~10.1 million | H19: =_xlfn.TEXTBEFORE($G19,"—") -> Cairo, Egypt [N] | I19: =_xlfn.TEXTAFTER($G19,"~") -> 10.1 million | J19: =_xlfn.TEXTBEFORE(_xlfn.TEXTAFTER(G19,"["),"]") -> N | K19: =_xlfn.TEXTBEFORE(G19,",") -> Cairo | M19: =IF(L19<>"",L19,J19) -> N | N19: =K19&"-"&M19 -> Cairo-N | O19: =LEN(N19) -> 7
A20: =NOT(ISNUMBER(SEARCH("time",G20))) -> TRUE | B20: =IF(A20=FALSE,0,IF(AND(A20,NOT(A19)),1,1+B19)) -> 2 | C20: =IF(ISNUMBER(SEARCH("time",G20)),G20,C19) -> 2:00 AM (UTC+2) — Central Africa / Eastern European Time | D20: =_xlfn.TEXTAFTER(_xlfn.TEXTBEFORE(C20,")"),"(") -> UTC+2 | E20: =IFERROR(_xlfn.TEXTAFTER(D20," / "),D20) -> UTC+2 | F20: =E20&"-"&B20 -> UTC+2-2 | G20: Johannesburg, South Africa [S] — ~4.8 million | H20: =_xlfn.TEXTBEFORE($G20,"—") -> Johannesburg, South Africa [S] | I20: =_xlfn.TEXTAFTER($G20,"~") -> 4.8 million | J20: =_xlfn.TEXTBEFORE(_xlfn.TEXTAFTER(G20,"["),"]") -> S | K20: =_xlfn.TEXTBEFORE(G20,",") -> Johannesburg | M20: =IF(L20<>"",L20,J20) -> S | N20: =K20&"-"&M20 -> Johannesburg-S | O20: =LEN(N20) -> 14
A21: =NOT(ISNUMBER(SEARCH("time",G21))) -> TRUE | B21: =IF(A21=FALSE,0,IF(AND(A21,NOT(A20)),1,1+B20)) -> 3 | C21: =IF(ISNUMBER(SEARCH("time",G21)),G21,C20) -> 2:00 AM (UTC+2) — Central Africa / Eastern European Time | D21: =_xlfn.TEXTAFTER(_xlfn.TEXTBEFORE(C21,")"),"(") -> UTC+2 | E21: =IFERROR(_xlfn.TEXTAFTER(D21," / "),D21) -> UTC+2 | F21: =E21&"-"&B21 -> UTC+2-3 | G21: Kyiv, Ukraine [N] — ~2.9 million | H21: =_xlfn.TEXTBEFORE($G21,"—") -> Kyiv, Ukraine [N] | I21: =_xlfn.TEXTAFTER($G21,"~") -> 2.9 million | J21: =_xlfn.TEXTBEFORE(_xlfn.TEXTAFTER(G21,"["),"]") -> N | K21: =_xlfn.TEXTBEFORE(G21,",") -> Kyiv | M21: =IF(L21<>"",L21,J21) -> N | N21: =K21&"-"&M21 -> Kyiv-N | O21: =LEN(N21) -> 6
A22: =NOT(ISNUMBER(SEARCH("time",G22))) -> TRUE | B22: =IF(A22=FALSE,0,IF(AND(A22,NOT(A21)),1,1+B21)) -> 4 | C22: =IF(ISNUMBER(SEARCH("time",G22)),G22,C21) -> 2:00 AM (UTC+2) — Central Africa / Eastern European Time | D22: =_xlfn.TEXTAFTER(_xlfn.TEXTBEFORE(C22,")"),"(") -> UTC+2 | E22: =IFERROR(_xlfn.TEXTAFTER(D22," / "),D22) -> UTC+2 | F22: =E22&"-"&B22 -> UTC+2-4 | G22: Khartoum, Sudan [N] — ~2.7 million | H22: =_xlfn.TEXTBEFORE($G22,"—") -> Khartoum, Sudan [N] | I22: =_xlfn.TEXTAFTER($G22,"~") -> 2.7 million | J22: =_xlfn.TEXTBEFORE(_xlfn.TEXTAFTER(G22,"["),"]") -> N | K22: =_xlfn.TEXTBEFORE(G22,",") -> Khartoum | M22: =IF(L22<>"",L22,J22) -> N | N22: =K22&"-"&M22 -> Khartoum-N | O22: =LEN(N22) -> 10
A23: =NOT(ISNUMBER(SEARCH("time",G23))) -> TRUE | B23: =IF(A23=FALSE,0,IF(AND(A23,NOT(A22)),1,1+B22)) -> 5 | C23: =IF(ISNUMBER(SEARCH("time",G23)),G23,C22) -> 2:00 AM (UTC+2) — Central Africa / Eastern European Time | D23: =_xlfn.TEXTAFTER(_xlfn.TEXTBEFORE(C23,")"),"(") -> UTC+2 | E23: =IFERROR(_xlfn.TEXTAFTER(D23," / "),D23) -> UTC+2 | F23: =E23&"-"&B23 -> UTC+2-5 | G23: Bucharest, Romania [N] — ~1.8 million | H23: =_xlfn.TEXTBEFORE($G23,"—") -> Bucharest, Romania [N] | I23: =_xlfn.TEXTAFTER($G23,"~") -> 1.8 million | J23: =_xlfn.TEXTBEFORE(_xlfn.TEXTAFTER(G23,"["),"]") -> N | K23: =_xlfn.TEXTBEFORE(G23,",") -> Bucharest | M23: =IF(L23<>"",L23,J23) -> N | N23: =K23&"-"&M23 -> Bucharest-N | O23: =LEN(N23) -> 11
... A34: =NOT(ISNUMBER(SEARCH("time",G34))) -> FALSE | B34: =IF(A34=FALSE,0,IF(AND(A34,NOT(A33)),1,1+B33)) -> 0 | C34: =IF(ISNUMBER(SEARCH("time",G34)),G34,C33) -> 4:00 AM (UTC+4) — Gulf / Caucasus Time | D34: =_xlfn.TEXTAFTER(_xlfn.TEXTBEFORE(C34,")"),"(") -> UTC+4 | E34: =IFERROR(_xlfn.TEXTAFTER(D34," / "),D34) -> UTC+4 | F34: =E34&"-"&B34 -> UTC+4-0 | G34: 4:00 AM (UTC+4) — Gulf / Caucasus Time | H34: =_xlfn.TEXTBEFORE($G34,"—") -> 4:00 AM (UTC+4) | I34: =_xlfn.TEXTAFTER($G34,"~") -> #N/A | J34: =_xlfn.TEXTBEFORE(_xlfn.TEXTAFTER(G34,"["),"]") -> #N/A | K34: =_xlfn.TEXTBEFORE(G34,",") -> #N/A | M34: =IF(L34<>"",L34,J34) -> #N/A | N34: =K34&"-"&M34 -> #N/A | O34: =LEN(N34) -> #N/A
A35: =NOT(ISNUMBER(SEARCH("time",G35))) -> TRUE | B35: =IF(A35=FALSE,0,IF(AND(A35,NOT(A34)),1,1+B34)) -> 1 | C35: =IF(ISNUMBER(SEARCH("time",G35)),G35,C34) -> 4:00 AM (UTC+4) — Gulf / Caucasus Time | D35: =_xlfn.TEXTAFTER(_xlfn.TEXTBEFORE(C35,")"),"(") -> UTC+4 | E35: =IFERROR(_xlfn.TEXTAFTER(D35," / "),D35) -> UTC+4 | F35: =E35&"-"&B35 -> UTC+4-1 | G35: Dubai, United Arab Emirates [N] — ~3.6 million | H35: =_xlfn.TEXTBEFORE($G35,"—") -> Dubai, United Arab Emirates [N] | I35: =_xlfn.TEXTAFTER($G35,"~") -> 3.6 million | J35: =_xlfn.TEXTBEFORE(_xlfn.TEXTAFTER(G35,"["),"]") -> N | K35: =_xlfn.TEXTBEFORE(G35,",") -> Dubai | L35: S | M35: =IF(L35<>"",L35,J35) -> S | N35: =K35&"-"&M35 -> Dubai-S | O35: =LEN(N35) -> 7
A36: =NOT(ISNUMBER(SEARCH("time",G36))) -> TRUE | B36: =IF(A36=FALSE,0,IF(AND(A36,NOT(A35)),1,1+B35)) -> 2 | C36: =IF(ISNUMBER(SEARCH("time",G36)),G36,C35) -> 4:00 AM (UTC+4) — Gulf / Caucasus Time | D36: =_xlfn.TEXTAFTER(_xlfn.TEXTBEFORE(C36,")"),"(") -> UTC+4 | E36: =IFERROR(_xlfn.TEXTAFTER(D36," / "),D36) -> UTC+4 | F36: =E36&"-"&B36 -> UTC+4-2 | G36: Baku, Azerbaijan [N] — ~2.3 million | H36: =_xlfn.TEXTBEFORE($G36,"—") -> Baku, Azerbaijan [N] | I36: =_xlfn.TEXTAFTER($G36,"~") -> 2.3 million | J36: =_xlfn.TEXTBEFORE(_xlfn.TEXTAFTER(G36,"["),"]") -> N | K36: =_xlfn.TEXTBEFORE(G36,",") -> Baku | M36: =IF(L36<>"",L36,J36) -> N | N36: =K36&"-"&M36 -> Baku-N | O36: =LEN(N36) -> 6
A37: =NOT(ISNUMBER(SEARCH("time",G37))) -> TRUE | B37: =IF(A37=FALSE,0,IF(AND(A37,NOT(A36)),1,1+B36)) -> 3 | C37: =IF(ISNUMBER(SEARCH("time",G37)),G37,C36) -> 4:00 AM (UTC+4) — Gulf / Caucasus Time | D37: =_xlfn.TEXTAFTER(_xlfn.TEXTBEFORE(C37,")"),"(") -> UTC+4 | E37: =IFERROR(_xlfn.TEXTAFTER(D37," / "),D37) -> UTC+4 | F37: =E37&"-"&B37 -> UTC+4-3 | G37: Muscat, Oman [N] — ~1.4 million | H37: =_xlfn.TEXTBEFORE($G37,"—") -> Muscat, Oman [N] | I37: =_xlfn.TEXTAFTER($G37,"~") -> 1.4 million | J37: =_xlfn.TEXTBEFORE(_xlfn.TEXTAFTER(G37,"["),"]") -> N | K37: =_xlfn.TEXTBEFORE(G37,",") -> Muscat | M37: =IF(L37<>"",L37,J37) -> N | N37: =K37&"-"&M37 -> Muscat-N | O37: =LEN(N37) -> 8
A38: =NOT(ISNUMBER(SEARCH("time",G38))) -> TRUE | B38: =IF(A38=FALSE,0,IF(AND(A38,NOT(A37)),1,1+B37)) -> 4 | C38: =IF(ISNUMBER(SEARCH("time",G38)),G38,C37) -> 4:00 AM (UTC+4) — Gulf / Caucasus Time | D38: =_xlfn.TEXTAFTER(_xlfn.TEXTBEFORE(C38,")"),"(") -> UTC+4 | E38: =IFERROR(_xlfn.TEXTAFTER(D38," / "),D38) -> UTC+4 | F38: =E38&"-"&B38 -> UTC+4-4 | G38: Tbilisi, Georgia [N] — ~1.2 million | H38: =_xlfn.TEXTBEFORE($G38,"—") -> Tbilisi, Georgia [N] | I38: =_xlfn.TEXTAFTER($G38,"~") -> 1.2 million | J38: =_xlfn.TEXTBEFORE(_xlfn.TEXTAFTER(G38,"["),"]") -> N | K38: =_xlfn.TEXTBEFORE(G38,",") -> Tbilisi | M38: =IF(L38<>"",L38,J38) -> N | N38: =K38&"-"&M38 -> Tbilisi-N | O38: =LEN(N38) -> 9
A39: =NOT(ISNUMBER(SEARCH("time",G39))) -> TRUE | B39: =IF(A39=FALSE,0,IF(AND(A39,NOT(A38)),1,1+B38)) -> 5 | C39: =IF(ISNUMBER(SEARCH("time",G39)),G39,C38) -> 4:00 AM (UTC+4) — Gulf / Caucasus Time | D39: =_xlfn.TEXTAFTER(_xlfn.TEXTBEFORE(C39,")"),"(") -> UTC+4 | E39: =IFERROR(_xlfn.TEXTAFTER(D39," / "),D39) -> UTC+4 | F39: =E39&"-"&B39 -> UTC+4-5 | G39: Yerevan, Armenia [N] — ~1.1 million | H39: =_xlfn.TEXTBEFORE($G39,"—") -> Yerevan, Armenia [N] | I39: =_xlfn.TEXTAFTER($G39,"~") -> 1.1 million | J39: =_xlfn.TEXTBEFORE(_xlfn.TEXTAFTER(G39,"["),"]") -> N | K39: =_xlfn.TEXTBEFORE(G39,",") -> Yerevan | M39: =IF(L39<>"",L39,J39) -> N | N39: =K39&"-"&M39 -> Yerevan-N | O39: =LEN(N39) -> 9
A40: =NOT(ISNUMBER(SEARCH("time",G40))) -> TRUE | B40: =IF(A40=FALSE,0,IF(AND(A40,NOT(A39)),1,1+B39)) -> 6 | C40: =IF(ISNUMBER(SEARCH("time",G40)),G40,C39) -> 4:00 AM (UTC+4) — Gulf / Caucasus Time | D40: =_xlfn.TEXTAFTER(_xlfn.TEXTBEFORE(C40,")"),"(") -> UTC+4 | E40: =IFERROR(_xlfn.TEXTAFTER(D40," / "),D40) -> UTC+4 | F40: =E40&"-"&B40 -> UTC+4-6 | G40: Samara, Russia [N] — ~1.1 million | H40: =_xlfn.TEXTBEFORE($G40,"—") -> Samara, Russia [N] | I40: =_xlfn.TEXTAFTER($G40,"~") -> 1.1 million | J40: =_xlfn.TEXTBEFORE(_xlfn.TEXTAFTER(G40,"["),"]") -> N | K40: =_xlfn.TEXTBEFORE(G40,",") -> Samara | M40: =IF(L40<>"",L40,J40) -> N | N40: =K40&"-"&M40 -> Samara-N | O40: =LEN(N40) -> 8
A41: =NOT(ISNUMBER(SEARCH("time",G41))) -> TRUE | B41: =IF(A41=FALSE,0,IF(AND(A41,NOT(A40)),1,1+B40)) -> 7 | C41: =IF(ISNUMBER(SEARCH("time",G41)),G41,C40) -> 4:00 AM (UTC+4) — Gulf / Caucasus Time | D41: =_xlfn.TEXTAFTER(_xlfn.TEXTBEFORE(C41,")"),"(") -> UTC+4 | E41: =IFERROR(_xlfn.TEXTAFTER(D41," / "),D41) -> UTC+4 | F41: =E41&"-"&B41 -> UTC+4-7 | G41: 5:00 AM (UTC+5) — West / Central Asia | H41: =_xlfn.TEXTBEFORE($G41,"—") -> 5:00 AM (UTC+5) | I41: =_xlfn.TEXTAFTER($G41,"~") -> #N/A | J41: =_xlfn.TEXTBEFORE(_xlfn.TEXTAFTER(G41,"["),"]") -> #N/A | K41: =_xlfn.TEXTBEFORE(G41,",") -> #N/A | M41: =IF(L41<>"",L41,J41) -> #N/A | N41: =K41&"-"&M41 -> #N/A | O41: =LEN(N41) -> #N/A
A42: =NOT(ISNUMBER(SEARCH("time",G42))) -> TRUE | B42: =IF(A42=FALSE,0,IF(AND(A42,NOT(A41)),1,1+B41)) -> 8 | C42: =IF(ISNUMBER(SEARCH("time",G42)),G42,C41) -> 4:00 AM (UTC+4) — Gulf / Caucasus Time | D42: =_xlfn.TEXTAFTER(_xlfn.TEXTBEFORE(C42,")"),"(") -> UTC+4 | E42: =IFERROR(_xlfn.TEXTAFTER(D42," / "),D42) -> UTC+4 | F42: =E42&"-"&B42 -> UTC+4-8 | G42: Karachi, Pakistan [N] — ~14.9 million | H42: =_xlfn.TEXTBEFORE($G42,"—") -> Karachi, Pakistan [N] | I42: =_xlfn.TEXTAFTER($G42,"~") -> 14.9 million | J42: =_xlfn.TEXTBEFORE(_xlfn.TEXTAFTER(G42,"["),"]") -> N | K42: =_xlfn.TEXTBEFORE(G42,",") -> Karachi | M42: =IF(L42<>"",L42,J42) -> N | N42: =K42&"-"&M42 -> Karachi-N | O42: =LEN(N42) -> 9
A43: =NOT(ISNUMBER(SEARCH("time",G43))) -> TRUE | B43: =IF(A43=FALSE,0,IF(AND(A43,NOT(A42)),1,1+B42)) -> 9 | C43: =IF(ISNUMBER(SEARCH("time",G43)),G43,C42) -> 4:00 AM (UTC+4) — Gulf / Caucasus Time | D43: =_xlfn.TEXTAFTER(_xlfn.TEXTBEFORE(C43,")"),"(") -> UTC+4 | E43: =IFERROR(_xlfn.TEXTAFTER(D43," / "),D43) -> UTC+4 | F43: =E43&"-"&B43 -> UTC+4-9 | G43: Lahore, Pakistan [N] — ~11.1 million | H43: =_xlfn.TEXTBEFORE($G43,"—") -> Lahore, Pakistan [N] | I43: =_xlfn.TEXTAFTER($G43,"~") -> 11.1 million | J43: =_xlfn.TEXTBEFORE(_xlfn.TEXTAFTER(G43,"["),"]") -> N | K43: =_xlfn.TEXTBEFORE(G43,",") -> Lahore | M43: =IF(L43<>"",L43,J43) -> N | N43: =K43&"-"&M43 -> Lahore-N | O43: =LEN(N43) -> 8
A44: =NOT(ISNUMBER(SEARCH("time",G44))) -> TRUE | B44: =IF(A44=FALSE,0,IF(AND(A44,NOT(A43)),1,1+B43)) -> 10 | C44: =IF(ISNUMBER(SEARCH("time",G44)),G44,C43) -> 4:00 AM (UTC+4) — Gulf / Caucasus Time | D44: =_xlfn.TEXTAFTER(_xlfn.TEXTBEFORE(C44,")"),"(") -> UTC+4 | E44: =IFERROR(_xlfn.TEXTAFTER(D44," / "),D44) -> UTC+4 | F44: =E44&"-"&B44 -> UTC+4-10 | G44: Tashkent, Uzbekistan [N] — ~2.9 million | H44: =_xlfn.TEXTBEFORE($G44,"—") -> Tashkent, Uzbekistan [N] | I44: =_xlfn.TEXTAFTER($G44,"~") -> 2.9 million | J44: =_xlfn.TEXTBEFORE(_xlfn.TEXTAFTER(G44,"["),"]") -> N | K44: =_xlfn.TEXTBEFORE(G44,",") -> Tashkent | M44: =IF(L44<>"",L44,J44) -> N | N44: =K44&"-"&M44 -> Tashkent-N | O44: =LEN(N44) -> 10
A45: =NOT(ISNUMBER(SEARCH("time",G45))) -> TRUE | B45: =IF(A45=FALSE,0,IF(AND(A45,NOT(A44)),1,1+B44)) -> 11 | C45: =IF(ISNUMBER(SEARCH("time",G45)),G45,C44) -> 4:00 AM (UTC+4) — Gulf / Caucasus Time | D45: =_xlfn.TEXTAFTER(_xlfn.TEXTBEFORE(C45,")"),"(") -> UTC+4 | E45: =IFERROR(_xlfn.TEXTAFTER(D45," / "),D45) -> UTC+4 | F45: =E45&"-"&B45 -> UTC+4-11 | G45: Ekaterinburg, Russia [N] — ~1.5 million | H45: =_xlfn.TEXTBEFORE($G45,"—") -> Ekaterinburg, Russia [N] | I45: =_xlfn.TEXTAFTER($G45,"~") -> 1.5 million | J45: =_xlfn.TEXTBEFORE(_xlfn.TEXTAFTER(G45,"["),"]") -> N | K45: =_xlfn.TEXTBEFORE(G45,",") -> Ekaterinburg | M45: =IF(L45<>"",L45,J45) -> N | N45: =K45&"-"&M45 -> Ekaterinburg-N | O45: =LEN(N45) -> 14
A46: =NOT(ISNUMBER(SEARCH("time",G46))) -> TRUE | B46: =IF(A46=FALSE,0,IF(AND(A46,NOT(A45)),1,1+B45)) -> 12 | C46: =IF(ISNUMBER(SEARCH("time",G46)),G46,C45) -> 4:00 AM (UTC+4) — Gulf / Caucasus Time | D46: =_xlfn.TEXTAFTER(_xlfn.TEXTBEFORE(C46,")"),"(") -> UTC+4 | E46: =IFERROR(_xlfn.TEXTAFTER(D46," / "),D46) -> UTC+4 | F46: =E46&"-"&B46 -> UTC+4-12 | G46: Ashgabat, Turkmenistan [N] — ~1.0 million | H46: =_xlfn.TEXTBEFORE($G46,"—") -> Ashgabat, Turkmenistan [N] | I46: =_xlfn.TEXTAFTER($G46,"~") -> 1.0 million | J46: =_xlfn.TEXTBEFORE(_xlfn.TEXTAFTER(G46,"["),"]") -> N | K46: =_xlfn.TEXTBEFORE(G46,",") -> Ashgabat | M46: =IF(L46<>"",L46,J46) -> N | N46: =K46&"-"&M46 -> Ashgabat-N | O46: =LEN(N46) -> 10
A47: =NOT(ISNUMBER(SEARCH("time",G47))) -> FALSE | B47: =IF(A47=FALSE,0,IF(AND(A47,NOT(A46)),1,1+B46)) -> 0 | C47: =IF(ISNUMBER(SEARCH("time",G47)),G47,C46) -> 6:00 AM (UTC+6) — Central Asia Time | D47: =_xlfn.TEXTAFTER(_xlfn.TEXTBEFORE(C47,")"),"(") -> UTC+6 | E47: =IFERROR(_xlfn.TEXTAFTER(D47," / "),D47) -> UTC+6 | F47: =E47&"-"&B47 -> UTC+6-0 | G47: 6:00 AM (UTC+6) — Central Asia Time | H47: =_xlfn.TEXTBEFORE($G47,"—") -> 6:00 AM (UTC+6) | I47: =_xlfn.TEXTAFTER($G47,"~") -> #N/A | J47: =_xlfn.TEXTBEFORE(_xlfn.TEXTAFTER(G47,"["),"]") -> #N/A | K47: =_xlfn.TEXTBEFORE(G47,",") -> #N/A | M47: =IF(L47<>"",L47,J47) -> #N/A | N47: =K47&"-"&M47 -> #N/A | O47: =LEN(N47) -> #N/A
... A138: =NOT(ISNUMBER(SEARCH("time",G138))) -> TRUE | B138: =IF(A138=FALSE,0,IF(AND(A138,NOT(A137)),1,1+B137)) -> 2 | C138: =IF(ISNUMBER(SEARCH("time",G138)),G138,C137) -> 11:00 PM (23:00 / UTC-1) — Cape Verde / Azores Time | D138: =_xlfn.TEXTAFTER(_xlfn.TEXTBEFORE(C138,")"),"(") -> 23:00 / UTC-1 | E138: =IFERROR(_xlfn.TEXTAFTER(D138," / "),D138) -> UTC-1 | F138: =E138&"-"&B138 -> UTC-1-2 | G138: Ponta Delgada, Azores (Portugal) [N] — ~68,000 (Note: Small island territories occupy UTC-1; no individual city exceeds 250,000 residents). | H138: =_xlfn.TEXTBEFORE($G138,"—") -> Ponta Delgada, Azores (Portugal) [N] | I138: =_xlfn.TEXTAFTER($G138,"~") -> 68,000 (Note: Small island territories occupy UTC-1; no individual city exceeds 250,000 residents). | J138: =_xlfn.TEXTBEFORE(_xlfn.TEXTAFTER(G138,"["),"]") -> N | K138: =_xlfn.TEXTBEFORE(G138,",") -> Ponta Delgada | M138: =IF(L138<>"",L138,J138) -> N | N138: =K138&"-"&M138 -> Ponta Delgada-N | O138: =LEN(N138) -> 15
